scene,ground_truth_count,estimated_count,common_count,valid_common_count,estimated_coverage,common_coverage,scale_est_to_gt,position_rmse_m,position_median_m,position_mean_m,position_max_m,rotation_rmse_deg,rotation_median_deg,rotation_mean_deg,rotation_max_deg,run_exit_code,ok,error
courtyard,38,38,38,38,1.0,1.0,9.258359783218614,0.3295293413241792,0.08535252264422427,0.16465587555013678,1.8222271997491986,1.0003529255398915,0.9823982423911555,0.9898591111482481,1.8124909780741756,0,True,
delivery_area,44,44,44,44,1.0,1.0,9.815836276774256,0.038342078387379346,0.0270082484335702,0.032185034501179176,0.09034625443078571,0.1605353900519974,0.1275058196645517,0.14153447540967162,0.3406825368573533,0,True,
electro,45,45,45,45,1.0,1.0,8.024990414337328,0.5117660982730836,0.11509082302224583,0.18904381059411604,3.329471522542155,2.7001403127106944,2.6155818271440503,2.6673883107264684,5.419415909789783,0,True,
facade,76,76,76,76,1.0,1.0,13.315860575389223,0.12261827837689729,0.05440423595588709,0.08240962458192516,0.5884635741695907,0.35271752822580676,0.26839482410307924,0.31959832779417896,1.0699846952720096,0,True,
kicker,31,30,30,30,0.967741935483871,0.967741935483871,2.5674034353782536,0.018997416622992612,0.01638314821294136,0.017284838295826097,0.035463932489581886,0.3248132090837584,0.29282388239527435,0.3123054421354494,0.5564042612673131,0,True,
meadow,15,15,15,15,1.0,1.0,8.609265928917043,0.03658272216997062,0.024175373434272146,0.032300045444611805,0.06389379610901456,0.5107386282107533,0.47755095532962377,0.5041429449033596,0.7030484102742737,0,True,
office,26,26,26,26,1.0,1.0,2.0284291148366553,0.013439781242898413,0.009796139647232138,0.010418586549313165,0.03757725158179968,0.39241606315081484,0.29749236465887585,0.3407639100397302,0.9846148097611641,0,True,
pipes,14,14,14,14,1.0,1.0,1.54385172415859,0.0067447182966978774,0.0052196858438702575,0.005954970922222388,0.01607120333905704,0.2716574177457406,0.2537870836653098,0.2573822637504548,0.4229964750359689,0,True,
playground,38,38,38,38,1.0,1.0,4.3451151934041485,0.01031836723760596,0.009749447550835854,0.009747669920761707,0.02294715061616507,0.14219786310518534,0.14159670534470586,0.1314579559732584,0.2523191931020426,0,True,
relief,31,31,31,31,1.0,1.0,2.1688780138048918,0.009386673303039147,0.00810937429510769,0.008419710651337859,0.015290151446205746,0.315443519397937,0.31084025417276984,0.31003694578166263,0.468509058598635,0,True,
relief_2,31,31,31,31,1.0,1.0,2.397599862843062,0.007347855634320142,0.0067717035050699256,0.006726838750491651,0.01822628114269993,0.3006188561596932,0.25320842231813845,0.2908594850845882,0.41450100472204315,0,True,
terrace,23,23,23,23,1.0,1.0,4.615947581772181,0.017729372299099405,0.014953683450122738,0.015639133763370724,0.03539203933275809,0.3207236489392204,0.3405541298247382,0.31355800546471363,0.41727098872537083,0,True,
terrains,42,42,42,42,1.0,1.0,2.078685445552369,0.004797840460704044,0.004585270015401632,0.0045563432920550555,0.008257602853038386,0.22085216062972635,0.2713012410184386,0.19484651094805297,0.30621966275215384,0,True,
__TOTAL__,454,453,453,453,0.9977973568281938,0.9977973568281938,,0.19469993931094634,0.01770238713200269,0.055610347441336264,3.329471522542155,0.9395454980532448,0.28161461850973984,0.5663956072785985,5.419415909789783,,True,
